ID,NAME,SMILES,LC50 (mg/l),LC50 (mmol/l),CLASS
1,4-(HEXYLOXY)-M-ANISALDEHYDE,c1cc(C=O)cc(OC)c1OCCCCCC,2.67000,0.0112987,Strong
2,5-BROMO-2-NITROVANILLIN,c1(OC)c(N(=O)=O)c(C=O)cc(Br)c1O,73.30000,0.2655412,Moderate
4,P-CHLOROPHENYL-O-NITROPHENYL ETHER,c1cc(Cl)ccc1Oc2c(N(=O)=O)cccc2,1.92000,0.0076908,Strong
5,3'-CHLORO-O-FORMOTOLUIDIDE,Cc1c(NC=O)cccc1Cl,46.60000,0.2747480,Moderate
6,DI-n-BUTYLISOPHTHALATE,CCCCOC(=O)c1cccc(C(=O)OCCCC)c1,0.90000,0.0032333,Extreme
7,"1,1-DIPHENYL-2-PROPYN-1-OL",C(c1ccccc1)(c2ccccc2)(O)C#C,11.10000,0.0532988,Moderate
8,"4,7-DITHIADECANE",CCCSCCSCCC,7.52000,0.0421643,Strong
11,"4,9-DITHIADODECANE",CCCSCCCCSCCC,2.99000,0.0144857,Strong
14,2-CHLOROETHYL-N-CYCLOHEXYL CARBAMATE,ClCCOC(=O)NC1CCCCC1,35.00000,0.1701673,Moderate
15,PHENOBARBITAL,N1C(=O)C(c2ccccc2)(CC)C(=O)NC1=O,484.00000,2.0838715,Low
16,"2,4-DINITROPHENOL #9",Oc1c(N(=O)=O)cc(N(=O)=O)cc1,13.30000,0.0722394,Moderate
17,URETHANE,O=C(N)OCC,5240.00000,58.8169267,Low
19,BENZAMIDE,c1ccccc1C(=O)N,661.00000,5.4564966,Low
21,"1,1-DIMETHYLHYDRAZINE",NN(C)C,7.85000,0.1306156,Strong
23,AMOBARBITAL,N1C(=O)C(CC)(CCC(C)C)C(=O)NC1=O,85.40000,0.3773585,Moderate
24,CAFFEINE,CN1C(=O)N(C)C(=O)C2=C1N=CN2C,151.00000,0.7774688,Low
25,"2-METHYL-1,4-NAPHTHOQUINONE",c1cccc2C(=O)C(C)=CC(=O)c12,0.11000,0.0006389,Extreme
26,"2,3,4,6-TETRACHLOROPHENOL",Oc1c(Cl)c(Cl)c(Cl)cc1Cl,1.03000,0.0044418,Strong
27,4-CHLORO-3-METHYL PHENOL #1,Oc1cc(C)c(Cl)cc1,7.38000,0.0517568,Strong
30,DIETHYL ETHER,O(CC)CC,2560.00000,34.5385861,Low
32,ANILINE #1,Nc1ccccc1,134.00000,1.4388489,Low
33,CARBARYL (SEVIN) #2,CNC(=O)Oc1cccc2ccccc12,8.93000,0.0443771,Strong
34,ETHANOL,CCO,14200.00000,308.2266117,Low
36,2-HYDROXYBENZAMIDE,c1(O)ccccc1C(=O)N,101.00000,0.7364737,Low
38,HEXANAL #2,CCCCCC=O,14.00000,0.1397764,Moderate
39,DICUMAROL,O=C1Oc2ccccc2C(O)=C1CC3=C(O)c4ccccc4OC3=O,5.11000,0.0151948,Strong
40,P-PHENOXYBENZALDEHYDE,c1(C=O)ccc(Oc2ccccc2)cc1,4.60000,0.0232065,Strong
41,METHANOL-RHODAMINE B,CO,29400.00000,917.6029963,Low
42,2-PROPANOL #1,CC(O)C,9640.00000,160.3993344,Low
43,ACETONE #1,CC(=O)C,8120.00000,139.8071625,Low
44,CHLOROFORM,C(Cl)(Cl)(Cl),70.70000,0.5922265,Moderate
45,METHYL SULFOXIDE,CS(=O)C,34000.00000,435.1721490,Low
46,HEXACHLOROETHANE #1,ClC(Cl)(Cl)C(Cl)(Cl)Cl,1.53000,0.0064628,Strong
47,"2,2'-METHYLENE BIS(3,4,6-TRICHLOROPHENOL)",Oc1c(Cl)cc(Cl)c(Cl)c1Cc2c(Cl)c(Cl)cc(Cl)c2O,0.02100,0.0000516,Extreme
48,4'-AMINOPROPIOPHENONE,c(cc(c1)C(=O)CC)c(c1)N,146.00000,0.9786179,Low
49,1-PROPANOL#1,OCCC,4630.00000,77.0382696,Low
50,1-BUTANOL,CCCCO,1730.00000,23.3405289,Low
51,1-PENTANOL,CCCCCO,472.00000,5.3545094,Low
52,BENZENE #2,c1ccccc1,24.60000,0.3149405,Moderate
53,"1,1,1-TRICHLOROETHANE #1",ClC(Cl)(Cl)C,52.90000,0.3965220,Moderate
55,ACETONITRILE,CC#N,1644.00000,40.0487211,Low
56,ETHANAL #1,CC=O,30.80000,0.6990468,Moderate
57,DICHLOROMETHANE,C(Cl)(Cl),330.00000,3.8855528,Low
58,IODOFORM,IC(I)I,2.92000,0.0074162,Strong
60,2-METHYL-2-PROPANOL,CC(C)(O)C,6410.00000,86.4813815,Low
61,"2,2,2-TRIFLUOROETHANOL",C(F)(F)(F)CO,119.00000,1.1895242,Low
62,"3,3-DIMETHYL-2-BUTANONE",CC(=O)C(C)(C)C,87.00000,0.8686102,Moderate
63,PENTACHLOROETHANE,C(Cl)(Cl)(Cl)C(Cl)(Cl),7.53000,0.0372219,Strong
64,"5,5-DIMETHYLHYDANTOIN",CC1(C)NC(=O)NC1=O,16460.00000,128.4632795,Low
65,3-METHYL-3-PENTANOL,CCC(O)(C)CC,672.00000,6.5766295,Low
66,3-METHYL-1-PENTYN-3-OL,C#CC(O)(C)CC,1220.00000,12.4299542,Low
67,1-ETHYNYL-CYCLOHEXANOL,C1CCCC(C#C)(O)C1,256.00000,2.0615236,Low
68,TRIS(2-BUTOXYETHYL) PHOSPHATE,CCCCOCCOP(=O)(OCCOCCCC)OCCOCCCC,11.20000,0.0281068,Moderate
69,2-METHYL-1-PROPANOL,OCC(C)C,1430.00000,19.2930383,Low
70,"1,2-DICHLOROPROPANE",ClCC(Cl)C,127.00000,1.1239933,Low
71,"1,2-DIAMINOPROPANE",NCC(N)C,1010.00000,13.6247133,Low
72,2-BUTANOL,CC(O)CC,3670.00000,49.5143011,Low
73,2-BUTANONE,CCC(=O)C,3220.00000,44.6540008,Low
74,1-AMINO-2-PROPANOL,OC(C)CN,2520.00000,33.5507922,Low
75,"1,1,2-TRICHLOROETHANE",ClC(Cl)CCl,81.60000,0.6116483,Moderate
76,TRICHLOROETHYLENE,ClC(Cl)=C(Cl),44.10000,0.3356420,Moderate
77,METHYL ACETATE #1,CC(=O)OC,320.00000,4.3196544,Low
78,"1,1,2,2-TETRACHLOROETHANE",ClC(Cl)C(Cl)Cl,20.30000,0.1209413,Moderate
79,B-IONONE,C1(C)(C)CCCC(C)=C1C=CC(C)=O,5.09000,0.0264691,Strong
80,"4,4'-ISOPROPYLIDENEBIS(2,6-DICHLOROPHENOL)",Clc(c(O)c(Cl)c1)cc1C(c(cc(Cl)c2O)cc2Cl)(C)C,1.33000,0.0036332,Strong
81,P-TERT-PENTYLPHENOL,CCC(C)(C)c1ccc(O)cc1,2.59000,0.0157686,Strong
82,"1,8-DIAMINO-P-MENTHANE",C(CC(C1)C(N)(C)C)C(C1)(N)C,65.30000,0.3834410,Moderate
83,"A,A-2,6-TETRACHLOROTOLUENE",ClC(Cl)c1c(Cl)cccc1Cl,0.97000,0.0042192,Extreme
84,ACENAPHTHENE,c1ccc2cccc3c2c1CC3,1.73000,0.0112185,Strong
85,3-METHYLINDOLE,c(ccc1C=2C)cc1NC2,8.84000,0.0673883,Strong
86,ROTENONE #1,C=C(C)C1Oc2ccc3C(=O)C4c5cc(OC)c(OC)cc5OCC4Oc3c2C1,0.00450,0.0000114,Extreme
88,DIPHENYL PHTHALATE,c1ccccc1OC(=O)c2ccccc2C(=O)Oc3ccccc3,0.08000,0.0002513,Extreme
90,DIETHYL PHTHALATE,CCOC(=O)c1ccccc1C(=O)OCC,31.80000,0.1430886,Moderate
91,DI-N-BUTYLORTHOPHTHALATE #1,c(ccc1C(=O)OCCCC)cc1C(=O)OCCCC,0.85000,0.0030537,Extreme
93,AZINPHOS-METHYL,COP(OC)(=S)SCN1N=Nc2ccccc2C1=O,0.06400,0.0002017,Extreme
94,SALICYLANILIDE,c1ccccc1NC(=O)c2c(O)cccc2,3.95000,0.0185237,Strong
95,"HEXACHLORO-1,3-BUTADIENE",C(Cl)(Cl)=C(Cl)C(Cl)=C(Cl)(Cl),0.09000,0.0003451,Extreme
96,PENTACHLOROPHENOL #7,Oc1c(Cl)c(Cl)c(Cl)c(Cl)c1Cl,0.22200,0.0008335,Extreme
97,"2,4,6-TRICHLOROPHENOL #1",Oc1c(Cl)cc(Cl)cc1Cl,9.16000,0.0463915,Strong
98,3-TRIFLUOROMETHYL-4-NITROPHENOL,Oc1cc(C(F)(F)F)c(N(=O)=O)cc1,9.14000,0.0441311,Strong
99,ANTHRANILAMIDE,c1(N)ccccc1C(=O)N,395.00000,2.9012119,Low
100,2-NITROPHENOL,Oc1c(N(=O)=O)cccc1,160.00000,1.1501689,Low
101,"2-sec-BUTYL-4,6-DINITROPHENOL (DINOSEB #1)",Oc1c(C(C)CC)cc(N(=O)=O)cc1N(=O)=O,0.70000,0.0029140,Extreme
102,SALICYLALDEHYDE,O=Cc1ccccc1O,2.30000,0.0188339,Strong
103,1-NAPHTHOL,Oc1cccc2ccccc12,4.63000,0.0321149,Strong
104,2-PHENYLPHENOL,Oc1c(c2ccccc2)cccc1,6.15000,0.0361318,Strong
106,"3,5-DIBROMOSALICYLALDEHYDE",Brc1c(O)c(C=O)cc(Br)c1,0.85000,0.0030366,Extreme
107,NAPHTHALENE,c1cccc2ccccc12,6.14000,0.0479051,Strong
108,QUINOLINE,n(ccc1)c(ccc2)c1c2,77.80000,0.6021672,Moderate
109,"N,N-DIETHYLCYCLOHEXYLAMINE",CCN(CC)C1CCCCC1,21.40000,0.1378067,Moderate
110,"N,N-DIETHYLANILINE",CCN(CC)c1ccccc1,16.40000,0.1098901,Moderate
111,2-(N-ETHYL-M-TOLUIDINO)ETHANOL,OCCN(CC)c1cc(C)ccc1,52.90000,0.2951021,Moderate
113,1-BENZOYLACETONE,c1ccccc1C(=O)CC(=O)C,1.10000,0.0067822,Strong
114,ETHYL P-AMINOBENZOATE #2,c1cc(N)ccc1C(=O)OCC,36.00000,0.2179309,Moderate
115,PIPERINE (ALIPHATIC),O1COc2ccc(C=CC=CC(=O)N3CCCCC3)cc12,7.84000,0.0274760,Strong
116,"2,4-DIHYDROXYBENZALDEHYDE",c1(C=O)c(O)cc(O)cc1,13.10000,0.0948451,Moderate
117,O-XYLENE #1,Cc1c(C)cccc1,16.40000,0.1544256,Moderate
118,O-CRESOL,Oc1c(C)cccc1,14.00000,0.1294618,Moderate
119,"1,2-DICHLOROBENZENE",Clc1c(Cl)cccc1,9.47000,0.0644218,Strong
120,2-CHLOROANILINE #2,Nc1c(Cl)cccc1,5.68000,0.0445246,Strong
121,2-FLUOROTOLUENE #1,Cc1c(F)cccc1,19.30000,0.1752474,Moderate
122,2-CHLOROPHENOL #1,Oc1c(Cl)cccc1,13.80000,0.1073429,Moderate
123,"1,2,4-TRIMETHYLBENZENE",Cc1c(C)cc(C)cc1,7.72000,0.0642263,Strong
124,"3,4-DICHLOROTOLUENE",Cc1cc(Cl)c(Cl)cc1,2.91000,0.0180712,Strong
125,"3,4-DICHLOROANILINE #1",Nc1cc(Cl)c(Cl)cc1,7.00000,0.0432045,Strong
126,ALLYL METHACRYLATE,C=C(C)C(=O)OCC=C,0.99000,0.0078472,Extreme
127,"2,3-DIBROMOPROPANOL",BrCC(Br)CO,71.00000,0.3258525,Moderate
128,2-METHYLBUTYRALDEHYDE,CC(C=O)CC,9.97000,0.1157553,Strong
129,"1,2,3-TRICHLOROPROPANE #1",ClCC(Cl)CCl,66.50000,0.4510615,Moderate
130,3-PENTANONE,CCC(=O)CC,1540.00000,17.8799489,Low
131,2-BUTANONE OXIME,CCC(C)=NO,843.00000,9.6763085,Low
132,2-(DIISOPROPYLAMINO)ETHANOL,OCCN(C(C)C)C(C)C,201.00000,1.3838210,Low
133,"2,4-DINITROANILINE #1",Nc1c(N(=O)=O)cc(N(=O)=O)cc1,15.50000,0.0846439,Moderate
134,"2,2'-METHYLENEBIS(4-CHLOROPHENOL)",Oc1ccc(Cl)cc1Cc2cc(Cl)ccc2O,0.31000,0.0011519,Extreme
136,P-TERT-BUTYLPHENOL,Oc1ccc(C(C)(C)C)cc1,5.15000,0.0342831,Strong
137,ISOPROPYLBENZENE,c1ccccc1C(C)C,6.32000,0.0525790,Strong
138,ACETOPHENONE,c1ccccc1C(=O)C,162.00000,1.3483146,Low
139,NITROBENZENE,c1ccccc1N(=O)=O,119.00000,0.9666152,Low
140,M-AMINOACETOPHENONE,c1c(C(=O)C)cc(N)cc1,382.00000,2.8260709,Low
141,M-NITROTOLUENE,Cc1cc(N(=O)=O)ccc1,25.60000,0.1866706,Moderate
142,"N,N-DIMETHYL-P-TOLUIDINE #1",CN(C)c1ccc(C)cc1,52.00000,0.3845869,Moderate
143,P-NITROANILINE,Nc1ccc(N(=O)=O)cc1,125.00000,0.9049446,Low
144,4-NITROPHENOL #1,Oc1ccc(N(=O)=O)cc1,58.60000,0.4212494,Moderate
145,P-DIMETHYLAMINOBENZALDEHYDE,CN(C)c1ccc(C=O)cc1,45.70000,0.3063208,Moderate
146,"1,4-DINITROBENZENE",O=N(=O)c1ccc(N(=O)=O)cc1,0.71000,0.0042234,Extreme
147,"N,N-DIETHYLETHANOLAMINE",CCN(CCO)CC,1780.00000,15.1890093,Low
148,ETHYLBENZENE #1,CCc1ccccc1,12.10000,0.1139682,Moderate
149,BENZYLAMINE,NCc1ccccc1,102.00000,0.9518477,Low
150,BENZALDEHYDE #1,c(ccc1C=O)cc1,7.61000,0.0717113,Strong
151,N-METHYLANILINE,c(ccc1NC)cc1,100.00000,0.9331840,Low
152,CYCLOHEXANONE OXIME,ON=C1CCCCC1,208.00000,1.8374558,Low
153,2-CYANOPYRIDINE,n1c(C#N)cccc1,726.00000,6.9733935,Low
154,2-ETHYLPYRIDINE,n1c(CC)cccc1,414.00000,3.8633819,Low
155,SOLKETAL,CC1(C)OCC(CO)O1,16700.00000,126.3619855,Low
156,HEXAMETHYLENETETRAMINE (ALIPHATIC),C(N(CN1C2)CN23)N(C1)C3,49800.00000,355.2321849,Low
157,PHENYL ETHER,c1ccccc1Oc2ccccc2,4.00000,0.0235004,Strong
158,N-ETHYL-M-TOLUIDINE,CCNc1cc(C)ccc1,49.50000,0.3660972,Moderate
159,TRIPROPYLAMINE,CCCN(CCC)CCC,50.90000,0.3552733,Moderate
160,TRIETHANOLAMINE,OCCN(CCO)CCO,11800.00000,79.0937730,Low
161,BENZYL-TERT-BUTANOL,c1ccccc1CCC(C)(C)O,66.40000,0.4042618,Moderate
163,1-(2-HYDROXYETHYL)PIPERAZINE,OCCN1CCNCC1,6410.00000,49.2357324,Low
164,"N,N-DIMETHYLBENZYLAMINE",CN(C)Cc1ccccc1,37.80000,0.2795651,Moderate
165,4-ACETAMIDOPHENOL,c1cc(O)ccc1NC(=O)C,814.00000,5.3846663,Low
166,4-BUTYLANILINE,Nc1ccc(CCCC)cc1,10.20000,0.0683463,Moderate
167,NONYLPHENOL (Mixed),CCCCCCCCCc1ccc(O)cc1,0.14000,0.0006353,Extreme
169,2-ETHYL-1-HEXANOL,CCCCC(CC)CO,28.20000,0.2165400,Moderate
170,4-CHLOROBENZALDEHYDE,Clc(ccc1C=O)cc1,2.20000,0.0156506,Strong
171,5-ETHYL-2-METHYLPYRIDINE,n1c(C)ccc(CC)c1,81.10000,0.6692524,Moderate
172,5-DIETHYLAMINO-2-PENTANONE,CC(=O)CCCN(CC)CC,336.00000,2.1365891,Low
173,DIETHYL MALONATE #1,CCOC(=O)CC(=O)OCC,15.40000,0.0961478,Moderate
174,"2,4-DIMETHYLPHENOL",Oc1c(C)cc(C)cc1,16.60000,0.1358762,Moderate
175,DIBUTYL FUMARATE #3,CCCCOC(=O)C=CC(=O)OCCCC,0.47000,0.0020588,Extreme
176,DIBUTYL ADIPATE,CCCCOC(=O)CCCCC(=O)OCCCC,3.64000,0.0140889,Strong
177,P-BROMOANILINE,Nc1ccc(Br)cc1,47.50000,0.2761146,Moderate
178,P-XYLENE,Cc1ccc(C)cc1,8.87000,0.0835453,Strong
179,4-METHYLPHENOL (P-CRESOL),Oc1ccc(C)cc1,16.50000,0.1525800,Moderate
180,4-CHLOROANILINE #1,Nc1ccc(Cl)cc1,30.60000,0.2398683,Moderate
181,4-CHLOROPHENOL,Oc1ccc(Cl)cc1,6.11000,0.0475264,Strong
182,4-TOLUIDINE #1,Nc1ccc(C)cc1,149.00000,1.3904442,Low
183,ISOBUTYL ACRYLATE #1,C=CC(=O)OCC(C)C,2.09000,0.0163065,Strong
184,1-BROMOPROPANE,BrCCC,67.30000,0.5471545,Moderate
185,ACROLEIN #1,C=CC=O,0.02000,0.0003568,Extreme
186,"1,2-DICHLOROETHANE",ClCCCl,136.00000,1.3742926,Low
187,2-CHLOROETHANOL #5,ClCCO,50.50000,0.6272513,Moderate
188,PROPYLAMINE,CCCN,308.00000,5.2106243,Low
189,PROPIONITRILE,CCC#N,1520.00000,27.5962237,Low
190,CHLOROACETONITRILE,ClCC#N,1.35000,0.0178808,Strong
191,ETHYLENEDIAMINE,NCCN,220.00000,3.6605657,Low
192,ALLYL ALCOHOL,OCC=C,0.32000,0.0055096,Extreme
193,2-PROPYN-1-OL #1,C(O)C#C,1.53000,0.0272922,Strong
194,ACETALDOXIME,CC=NO,76.00000,1.2866091,Moderate
195,"2-METHYL-2,4-PENTANEDIOL",CC(O)(C)CC(O)C,10700.00000,90.5398545,Low
196,TERT-OCTYLAMINE,CC(C)(C)CC(C)(C)N,24.60000,0.1903288,Moderate
197,TERT-BUTYL SULFIDE,CC(C)(C)SC(C)(C)C,29.10000,0.1989200,Moderate
198,2-PENTANONE,CCCC(=O)C,1240.00000,14.3968420,Low
199,4-METHYL-2-PENTANONE #2,CC(=O)CC(C)C,540.00000,5.3913738,Low
200,ISOPROPYL ETHER,CC(C)OC(C)C,786.00000,7.6923077,Low
201,TOLUENE #1,Cc1ccccc1,36.20000,0.3928378,Moderate
202,4-PICOLINE,n1ccc(C)cc1,403.00000,4.3272844,Low
203,CHLOROBENZENE,Clc1ccccc1,16.90000,0.1501421,Moderate
204,CYCLOHEXANOL,C1CCCCC1O,704.00000,7.0287540,Low
205,CYCLOHEXANONE #2,C1C(=O)CCCC1,732.00000,7.4579725,Low
206,PHENOL #1,Oc1ccccc1,28.80000,0.3060249,Moderate
207,3-PICOLINE,n1cc(C)ccc1,144.00000,1.5472225,Low
208,1-METHYLPIPERAZINE,CN1CCNCC1,2300.00000,22.9609664,Low
209,2-PICOLINE,n1c(C)cccc1,897.00000,9.6316976,Low
210,2-METHYLPIPERAZINE,N1CC(C)NCC1,2240.00000,22.3619846,Low
211,PROPYL ACETATE,CC(=O)OCCC,60.00000,0.5874865,Moderate
212,"1,3-DIBROMOPROPANE #1",BrCCCBr,2.44000,0.0120858,Strong
213,1-BROMOBUTANE,BrCCCC,36.70000,0.2678246,Moderate
214,BUTYLAMINE,CCCCN,268.00000,3.6642056,Low
215,ALLYL CYANIDE,C=CCC#N,182.00000,2.7127739,Low
216,"1,3-DIAMINOPROPANE",NCCCN,1190.00000,16.0528801,Low
217,MALONONITRILE (NOMINALS),N#CCC#N,0.56000,0.0084771,Extreme
218,2-METHOXYETHYLAMINE,COCCN,524.00000,6.9764346,Low
219,DIETHYLAMINE,CCNCC,855.00000,11.6899098,Low
220,PYRROLE,N1C=CC=C1,210.00000,3.1301237,Low
221,TETRAHYDROFURAN,O(CC1)CC1,2160.00000,29.9542366,Low
222,FURAN,C1=COC=C1,61.00000,0.8961363,Moderate
223,T-BUTYL DISULFIDE,CC(C)(C)SSC(C)(C)C,1.37000,0.0076811,Strong
224,5-METHYL-2-HEXANONE,CC(=O)CCC(C)C,159.00000,1.3924161,Low
225,DIETHYL SEBACATE #1,CCOC(=O)CCCCCCCCC(=O)OCC,2.70000,0.0104505,Strong
226,2-HEPTANONE,CCCCCC(=O)C,131.00000,1.1472108,Low
227,HEXANE,CCCCCC,2.50000,0.0290091,Strong
228,"1,4-DICHLOROBUTANE",ClCCCCCl,51.60000,0.4062672,Moderate
229,AMYLAMINE,CCCCCN,177.00000,2.0305151,Low
230,VALERALDEHYDE #1,CCCCC=O,12.40000,0.1439684,Moderate
231,"2-BUTYNE-1,4-DIOL",C(O)C#CC(O),53.60000,0.6226043,Moderate
232,2-(ETHYLAMINO)ETHANOL,CCNCCO,1480.00000,16.6030963,Low
233,CYCLOHEXANE,C1CCCCC1,4.53000,0.0538260,Strong
234,PYRIDINE #1,n1ccccc1,106.00000,1.3400759,Low
235,S-TRIOXANE,C1OCOCO1,5950.00000,66.0523979,Low
236,6-METHYL-5-HEPTEN-2-ONE,CC(=O)CCC=C(C)C,85.70000,0.6790808,Moderate
237,2-OCTANONE,CC(=O)CCCCCC,36.00000,0.2807674,Moderate
238,2-ETHOXYETHYL ACETATE,CC(=O)OCCOCC,42.10000,0.3185533,Moderate
239,1-BROMOHEXANE,BrCCCCCC,3.45000,0.0208990,Strong
240,HEXYLAMINE,CCCCCCN,56.60000,0.5593438,Moderate
241,1-HEXANOL,CCCCCCO,97.70000,0.9561558,Moderate
242,DIETHANOLAMINE,OCCNCCO,47100.00000,447.9741297,Low
243,2-HYDROXYETHYL ETHER,OCCOCCO,75200.00000,708.6317377,Low
244,N-PROPYL SULFIDE,CCCSCCC,21.70000,0.1835250,Moderate
245,N-HEPTYLAMINE,CCCCCCCN,21.80000,0.1892033,Moderate
246,"1,4-DICYANOBUTANE",N#CCCCCC#N,1930.00000,17.8472351,Low
247,1-HEPTANOL,CCCCCCCO,34.50000,0.2969019,Moderate
248,1-BROMOOCTANE,BrCCCCCCCC,0.83800,0.0043390,Extreme
249,OCTYLAMINE,CCCCCCCCN,5.19000,0.0401547,Strong
250,1-OCTANOL #2,CCCCCCCCO,14.60000,0.1121093,Moderate
251,2-(2-ETHOXYETHOXY)ETHANOL,CCOCCOCCO,26500.00000,197.4959010,Low
252,NONANOIC ACID,CCCCCCCCC(=O)O,104.00000,0.6572295,Low
253,2-UNDECANONE,CCCCCCCCCC(=O)C,1.50000,0.0088080,Strong
254,NONYLAMINE,CCCCCCCCCN,2.16000,0.0150764,Strong
255,TRIETHYLENE GLYCOL #1,OCCOCCOCCO,59900.00000,398.8812679,Low
256,1-DECANOL,CCCCCCCCCCO,2.40000,0.0151630,Strong
258,PROPOXUR (BAYGON),CC(C)Oc1ccccc1OC(=O)NC,8.80000,0.0420550,Strong
259,2-METHYL-3-BUTYN-2-OL,CC(O)(C)C#C,3290.00000,39.1107941,Low
260,"2,2,2-TRICHLOROETHANOL",C(Cl)(Cl)(Cl)CO,299.00000,2.0013387,Low
261,DICOFOL (KELTHANE),c1cc(Cl)ccc1C(C(Cl)(Cl)Cl)(O)c2ccc(Cl)cc2,0.60300,0.0016276,Extreme
262,TRIPHENYL PHOSPHATE,c1ccccc1OP(=O)(Oc2ccccc2)Oc3ccccc3,0.87000,0.0026663,Extreme
263,FENSULFOTHION,S(=O)(C)c(ccc1OP(=S)(OCC)OCC)cc1,43.20000,0.1400914,Moderate
264,ALDICARB,CSC(C)(C)C=NOC(=O)NC,0.86100,0.0045244,Extreme
267,PHENYL SALICYLATE,c1cccc(O)c1C(=O)Oc2ccccc2,1.18000,0.0055084,Strong
268,ETHYL SALICYLATE #1,c1cccc(O)c1C(=O)OCC,19.80000,0.1191479,Moderate
269,"2,4,6-TRIBROMOPHENOL",Oc1c(Br)cc(Br)cc1Br,6.54000,0.0197691,Strong
270,4-AMINO-2-NITROPHENOL,Oc1c(N(=O)=O)cc(N)cc1,36.20000,0.2348667,Moderate
271,BENZOPHENONE #2,c1ccccc1C(=O)c2ccccc2,14.20000,0.0779278,Moderate
272,N-PHENYLDIETHANOLAMINE,c1ccccc1N(CCO)CCO,735.00000,4.0553962,Low
273,4-(DIETHYLAMINO)BENZALDEHYDE,c(cc(c1)N(CC)CC)c(c1)C=O,23.90000,0.1348378,Moderate
274,CATECHOL,Oc1c(O)cccc1,9.22000,0.0837344,Strong
275,"1,2,4-TRICHLOROBENZENE",Clc1c(Cl)cc(Cl)cc1,2.99000,0.0164784,Strong
276,"2,4-DICHLOROPHENOL",Oc1c(Cl)cc(Cl)cc1,7.75000,0.0475460,Strong
277,"2,4-DINITROTOLUENE",Cc1c(N(=O)=O)cc(N(=O)=O)cc1,24.30000,0.1334139,Moderate
278,3-ETHOXY-4-HYDROXYBENZALDEHYDE,O=Cc1cc(OCC)c(O)cc1,87.60000,0.5271392,Moderate
279,VANILLIN #1,c1(C(=O))cc(OC)c(O)cc1,57.00000,0.3746303,Moderate
280,"N,N-DIMETHYLANILINE #1",CN(C)c1ccccc1,78.20000,0.6453210,Moderate
281,1-CHLORO-3-NITROBENZENE,Clc1cc(N(=O)=O)ccc1,18.80000,0.1193196,Moderate
282,MALATHION,COP(OC)(=S)SC(CC(=O)OCC)C(=O)OCC,14.10000,0.0426807,Moderate
283,2-CHLORO-4-NITROANILINE #2,Nc1c(Cl)cc(N(=O)=O)cc1,18.90000,0.1095208,Moderate
284,P-ISOPROPYL BENZALDEHYDE,c1(C=O)ccc(C(C)C)cc1,6.62000,0.0446664,Strong
285,DIPHENYLAMINE,c1ccccc1Nc2ccccc2,3.79000,0.0223956,Strong
286,2-PHENOXYETHANOL,c1ccccc1OCCO,344.00000,2.4896866,Low
287,4-ETHYLPHENOL,Oc1ccc(CC)cc1,10.40000,0.0851273,Moderate
288,2-METHYLVALERALDEHYDE,CC(C=O)CCC,18.80000,0.1876997,Moderate
289,"2,4-PENTANEDIONE #2",CC(=O)CC(=O)C,175.00000,1.7479025,Low
290,ETHYL HEXANOATE,CCCCCC(=O)OCC,8.90000,0.0617156,Strong
291,BUTANAL #1,CCCC=O,16.00000,0.2218525,Moderate
292,BUTYL ACETATE,CC(=O)OCCCC,18.00000,0.1549587,Moderate
293,"1,4-DIOXANE #1",O1CCOCC1,9850.00000,111.7920781,Low
294,DODECYLAMINE,CCCCCCCCCCCCN,0.10300,0.0005557,Extreme
296,TRIBUTYL PHOSPHATE #1,CCCCOP(=O)(OCCCC)OCCCC,11.00000,0.0413037,Moderate
297,"5,5-DIMETHYL-1,3-CYCLOHEXANEDIONE",O=C(CC(=O)C1)CC1(C)C,11500.00000,82.0959452,Low
298,1-CHLORO-2-PROPANOL,ClCC(O)C,245.00000,2.5914957,Low
299,TETRACHLOROETHYLENE #1,C(Cl)(Cl)=C(Cl)(Cl),13.40000,0.0808056,Moderate
300,2-PHENYL-3-BUTYN-2-OL,CC(c1ccccc1)(O)C#C,113.00000,0.7729667,Low
301,"2,6-DI-TERT-BUTYL-4-METHYLPHENOL",Oc1c(C(C)(C)C)cc(C)cc1C(C)(C)C,0.36300,0.0016473,Extreme
303,DIBENZOFURAN #2,c1cccc2c3ccccc3Oc12,1.85000,0.0109988,Strong
304,PHENYL 4-AMINOSALICYLATE #1,c1ccccc1OC(=O)c2c(O)cc(N)cc2,4.13000,0.0180161,Strong
305,"N,N-DIETHYL-M-TOLUAMIDE",CCN(CC)C(=O)c1cccc(C)c1,110.00000,0.5751033,Low
307,1-(2-AMINOETHYL)PIPERAZINE,NCCN1CCNCC1,2190.00000,16.9491525,Low
308,DIBUTYL SUCCINATE,CCCCOC(=O)CCC(=O)OCCCC,4.46000,0.0193610,Strong
309,DIETHYL ADIPATE #1,CCOC(=O)CCCCC(=O)OCC,16.80000,0.0830655,Moderate
310,2-AMINOETHANOL,OCCN,2070.00000,33.8899804,Low
311,ETHYL ACETATE,CC(=O)OCC,230.00000,2.6103734,Low
313,M-DIETHYLBENZENE,CCc1cc(CC)ccc1,4.15000,0.0309194,Strong
314,"1,3-DICHLOROPROPANE #1",ClCCCCl,131.00000,1.1593946,Low
315,HEXANOIC ACID,CCCCCC(=O)O,320.00000,2.7548209,Low
316,HEXYL ACETATE,CC(=O)OCCCCCC,4.40000,0.0305111,Strong
317,BUTYL ETHER,CCCCOCCCC,32.30000,0.2480227,Moderate
318,1-NONANOL,CCCCCCCCCO,5.70000,0.0395120,Strong
319,DI-N-HEXYLAMINE,CCCCCCNCCCCCC,0.78000,0.0042080,Extreme
321,O-VANILLIN #1,c1(C=O)c(O)c(OC)ccc1,2.60000,0.0170884,Strong
322,3-METHOXYPHENOL,Oc1cc(OC)ccc1,74.00000,0.5961012,Moderate
323,4-METHOXYPHENOL,Oc1ccc(OC)cc1,110.00000,0.8860963,Low
324,P-DIMETHOXYBENZENE,COc1ccc(OC)cc1,117.00000,0.8467829,Low
325,"2,3-BENZOFURAN",C1=COc2ccccc12,14.00000,0.1185035,Moderate
326,"1,4-DIAZABICYCLO[2.2.2]OCTANE",C(CN(C1)C2)N(C1)C2,1730.00000,15.4216438,Low
327,ADAMANTANE,C(CC(CC1CC23)C2)(C1)C3,0.28000,0.0020552,Extreme
328,DISULFOTON #1,CCOP(OCC)(=S)SCCSCC,3.98000,0.0145038,Strong
330,BROMACIL,BrC1=C(C)NC(=O)N(C(C)CC)C1=O,186.00000,0.7122889,Low
331,"2,5-DINITROPHENOL",Oc1c(N(=O)=O)ccc(N(=O)=O)c1,3.36000,0.0182500,Strong
332,DIURON,c1c(Cl)c(Cl)ccc1NC(=O)N(C)C,14.20000,0.0609181,Moderate
333,P-FLUOROPHENYL ETHER #1,c1cc(F)ccc1Oc2ccc(F)cc2,1.20000,0.0058199,Strong
334,DIAZINON,c1c(C)nc(C(C)C)nc1OP(OCC)(=S)OCC,9.35000,0.0307212,Strong
335,1-FLUORO-4-NITROBENZENE,Fc1ccc(N(=O)=O)cc1,28.40000,0.2012757,Moderate
336,"A,A,A-TRIFLUORO-M-TOLUNITRILE",C(F)(F)(F)c1cc(C#N)ccc1,47.70000,0.2787518,Moderate
337,4-FLUOROANILINE,Nc1ccc(F)cc1,16.90000,0.1520878,Moderate
338,2-CHLORO-6-FLUOROBENZALDEHYDE,c1(C=O)c(Cl)cccc1F,9.41000,0.0593466,Strong
339,"A,A,A-4-TETRAFLUORO-O-TOLUIDINE",Nc1c(C(F)(F)F)cc(F)cc1,29.60000,0.1652523,Moderate
340,O-FLUOROBENZALDEHYDE,c1(C=O)c(F)cccc1,1.35000,0.0108774,Strong
341,"A,A,A-TRIFLUORO-O-TOLUNITRILE",c1(C#N)ccccc1C(F)(F)F,42.20000,0.2466106,Moderate
342,"A,A,A-TRIFLUORO-M-TOLUALDEHYDE #1",c1(C=O)cc(C(F)(F)(F))ccc1,0.92000,0.0052837,Extreme
343,4-FLUORO-N-METHYLANILINE,CNc1ccc(F)cc1,38.40000,0.3068318,Moderate
345,[(1S)-ENDO]-(-)-BORNEOL #2,OC(CC1C2)C(C2)(C1(C)C)C,59.00000,0.3824959,Moderate
346,(1S)-(-)-CAMPHOR,O=C(CC1C2)C(C2)(C1(C)C)C,17.00000,0.1116658,Moderate
347,CINEOLE,C1CC2C(C)(C)OC1(C)CC2,102.00000,0.6612642,Low
348,NEOABIETIC ACID #1,C1C(=C(C)(C))C=C2CCC3C(C)(C(=O)O)CCCC3(C)C2C1,1.71000,0.0056536,Strong
350,"2,3-DIHYDROBENZOFURAN",C1COc2ccccc21,81.70000,0.6799834,Moderate
351,EXO-NORBORNEOL,C1(O)CC2CC1CC2,228.00000,2.0326290,Low
352,NORBORNYLENE,C1C2C=CC1CC2,10.00000,0.1062022,Moderate
353,"2,6-PYRIDINEDICARBOXYLIC ACID",n1c(C(=O)O)cccc1C(=O)O,322.00000,1.9267592,Low
354,3-PYRIDINECARBOXALDEHYDE,n1cc(C=O)ccc1,16.40000,0.1531136,Moderate
355,5-NONANONE,CCCCC(=O)CCCC,31.00000,0.2179415,Moderate
356,"2,3-DIMETHYL-1,3-BUTADIENE",C=C(C)C(C)=C,6.91000,0.0841144,Strong
357,ABIETIC ACID,O=C(O)C(C(C(C(C(=C1)C=C(C2)C(C)C)C2)(CC3)C)C1)(C3)C,2.38000,0.0078688,Strong
358,FLAVONE,c1ccccc1C1=CC(=O)c2ccccc2O1,3.50000,0.0157487,Strong
359,"2,4,6-TRIMETHYLPHENOL",Oc1c(C)cc(C)cc1C,13.00000,0.0954549,Moderate
360,O-TOLUNITRILE,c1(C#N)ccccc1C,44.70000,0.3815621,Moderate
361,O-TOLUALDEHYDE,c1(C=O)c(C)cccc1,52.90000,0.4402830,Moderate
363,"4,6-DINITRO-O-CRESOL #1",Oc1c(C)cc(N(=O)=O)cc1N(=O)=O,1.95000,0.0098415,Strong
364,AMYLBENZENE,c1ccccc1CCCCC,1.71000,0.0115346,Strong
365,tert-BUTYL ACETATE,O=C(OC(C)(C)C)C,327.00000,2.8150826,Low
366,"1,3-DICHLOROBENZENE",Clc1cc(Cl)ccc1,8.03000,0.0546259,Strong
368,N-BUTYL SULFIDE,CCCCSCCCC,3.58000,0.0244703,Strong
369,2'-HYDROXY-4'-METHOXYACETOPHENONE #1,c1(O)cc(OC)ccc1C(=O)C,54.90000,0.3303647,Moderate
370,O-NITROBENZALDEHYDE #2,c1(C=O)c(N(=O)(=O))cccc1,16.60000,0.1098465,Moderate
371,4-NITROBENZALDEHYDE,O=Cc1ccc(N(=O)=O)cc1,10.10000,0.0668343,Moderate
372,3-METHYL-2-BUTANONE,CC(=O)C(C)C,864.00000,10.0313480,Low
373,"2,6-DINITROPHENOL",Oc1c(N(=O)=O)cccc1N(=O)=O,39.70000,0.2156437,Moderate
374,"1,2-DIBROMOBENZENE",Brc1c(Br)cccc1,4.05000,0.0171668,Strong
375,N-ALLYLANILINE,C=CCNc1ccccc1,35.90000,0.2695398,Moderate
376,4-ETHYLANILINE,Nc1ccc(CC)cc1,73.00000,0.6024096,Moderate
377,ISOVALERALDEHYDE,CC(C)CC=O,3.25000,0.0377337,Strong
378,2-HEXANONE,CCCCC(=O)C,428.00000,4.2731629,Low
380,2-TRIDECANONE,CCCCCCCCCCCC(=O)C,0.36000,0.0018150,Extreme
382,MANOOL,C=CC(O)(C)CCC1C(=C)CCC2C(C)(C)CCCC21(C),0.12000,0.0004131,Extreme
383,TETRAETHYLTIN,CC[Sn](CC)(CC)CC,0.01100,0.0000468,Extreme
384,"1,2-DIMETHYLPROPYLAMINE",CC(C)C(C)N,284.00000,3.2580016,Low
385,"2,4-DIMETHYL-3-PENTANOL",CC(C)C(O)C(C)C,163.00000,1.4027539,Low
387,"N,N-DIPHENYLFORMAMIDE #1",c1ccccc1N(c2ccccc2)C(=O),26.30000,0.1333401,Moderate
388,DIETHYL BENZYLMALONATE,CCOC(=O)C(Cc1ccccc1)C(=O)OCC,5.43000,0.0216948,Strong
389,PENTABROMOPHENOL,Oc1c(Br)c(Br)c(Br)c(Br)c1Br,0.09300,0.0001903,Extreme
390,"2,4,6-TRIIODOPHENOL",Oc1c(I)cc(I)cc1I,1.21000,0.0025646,Strong
391,"2,4-DIMETHOXYBENZALDEHYDE",c1(C=O)c(OC)cc(OC)cc1,20.10000,0.1209532,Moderate
392,2-ACETAMIDOPHENOL #1,Oc1c(NC(=O)C)cccc1,22.10000,0.1461930,Moderate
393,2-CHLORO-4-METHYLANILINE,Nc1c(Cl)cc(C)cc1,35.90000,0.2535311,Moderate
394,4-ETHOXY-2-NITROANILINE,Nc1c(N(=O)=O)cc(OCC)cc1,26.00000,0.1427160,Moderate
395,METHYL P-NITROBENZOATE,c1cc(N(=O)=O)ccc1C(=O)OC,23.80000,0.1313828,Moderate
396,4-NITROBENZAMIDE,c1cc(N(=O)=O)ccc1C(=O)N,133.00000,0.8005297,Low
397,4-NITROPHENYL PHENYL ETHER,c1ccccc1Oc2ccc(N(=O)=O)cc2,2.65000,0.0123136,Strong
398,BENZYL SULFOXIDE,c(ccc1CS(=O)Cc(ccc2)cc2)cc1,80.10000,0.3478072,Moderate
399,3-ACETAMIDOPHENOL,Oc1cc(NC(=O)C)ccc1,1130.00000,7.4750281,Low
400,4-(2-HYDROXYETHYL)MORPHOLINE,OCCN1CCOCC1,2710.00000,20.6586370,Low
401,"A,A'-DICHLORO-P-XYLENE",ClCc1ccc(CCl)cc1,0.03900,0.0002228,Extreme
403,"2,5-DIMETHYLFURAN",O1C(C)=CC=C1C,71.10000,0.7396234,Moderate
404,"1,5-DICHLOROPENTANE",ClCCCCCCl,25.30000,0.1793817,Moderate
405,1-BROMOHEPTANE,BrCCCCCCC,1.47000,0.0082072,Strong
406,PROPYL DISULFIDE,CCCSSCCC,2.62000,0.0174306,Strong
407,"1,6-DICYANOHEXANE",N#CCCCCCCC#N,528.00000,3.8766520,Low
408,"2,3,4-TRICHLOROANILINE",Nc1c(Cl)c(Cl)c(Cl)cc1,3.64000,0.0185279,Strong
409,5-CHLOROSALICYLALDEHYDE,c1(C=O)c(O)ccc(Cl)c1,0.77000,0.0049179,Extreme
410,4-PROPYLPHENOL,Oc1ccc(CCC)cc1,11.00000,0.0807695,Moderate
411,PENTAFLUOROBENZALDEHYDE,c1(C(=O))c(F)c(F)c(F)c(F)c1(F),1.10000,0.0056102,Strong
412,"2,2-DICHLOROACETAMIDE",C(Cl)(Cl)C(=O)N,241.00000,1.8834011,Low
413,1-METHYL HEPTYLAMINE #1,CCCCCCC(C)N,5.11000,0.0395358,Strong
414,2-DECANONE #1,CC(=O)CCCCCCCC,5.70000,0.0364753,Strong
415,PENTYL ETHER,CCCCCOCCCCC,3.14000,0.0198370,Strong
416,4-METHYLOXAZOLE,CC1=COC=N1,1390.00000,16.7288482,Low
417,2-METHYLIMIDAZOLE,CC1=NC=CN1,286.00000,3.4831324,Low
418,2-ADAMANTANONE,O=C(C(CC(C1)CC2C3)C2)C13,60.80000,0.4047397,Moderate
419,A-DECANOLACTONE,CCCCCCC1OC(=O)CC1,18.00000,0.1057269,Moderate
420,"4,6-DIMETHOXY-2-HYDROXYBENZALDEHYDE",c1(C=O)c(O)cc(OC)cc1OC,2.68000,0.0147107,Strong
421,PROPANIL,c1c(Cl)c(Cl)ccc1NC(=O)CC,8.60000,0.0394351,Strong
422,"2,4,6-TRI-TERT-BUTYLPHENOL",Oc1c(C(C)(C)C)cc(C(C)(C)C)cc1C(C)(C)C,0.06090,0.0002321,Extreme
423,"3,4-DICHLORO-1-BUTENE #1",C=CC(Cl)C(Cl),9.33000,0.0746400,Strong
424,"N,N-DIBUTYLFORMAMIDE",C(=O)N(CCCC)CCCC,89.30000,0.5678494,Moderate
425,2-BUTYN-1-OL,C(O)C#CC,10.10000,0.1441004,Moderate
426,"2,5-DIMETHYL-2,4-HEXADIENE",CC(C)=CC=C(C)C,3.78000,0.0343013,Strong
427,1-ADAMANTANAMINE,C(N)(CC(CC1CC23)C2)(C1)C3,25.00000,0.1652893,Moderate
428,"3-CYANO-4,6-DIMETHYL-2-HYDROXYPYRIDINE",n1c(O)c(C#N)c(C)cc1C,157.00000,1.0595937,Low
429,"2,3,4,5,6-PENTAFLUOROANILINE",Nc1c(F)c(F)c(F)c(F)c1F,37.10000,0.2026437,Moderate
430,CARBOPHENOTHION,Clc(ccc1SCSP(=S)(OCC)OCC)cc1,0.24000,0.0007000,Extreme
431,TRIPHENYLPHOSPHINE OXIDE,c1ccccc1P(=O)(c2ccccc2)c3ccccc3,53.70000,0.1929642,Moderate
433,2-HYDROXYETHYL ACRYLATE,C=CC(=O)OCCO,4.80000,0.0413330,Strong
434,1-OCTYN-3-OL,C#CC(O)CCCCC,0.41300,0.0032726,Extreme
435,2-NONANONE,CCCCCCCC(=O)C,15.20000,0.1068616,Moderate
436,"TRANS-1,2-DICHLOROCYCLOHEXANE",ClC1CCCCC1Cl,18.40000,0.1202221,Moderate
437,P-PHENOXYPHENOL,c1ccccc1Oc2ccc(O)cc2,4.95000,0.0265829,Strong
438,2-HYDROXYETHYL METHACRYLATE,C=C(C)C(=O)OCCO,227.00000,1.7442754,Low
439,3-BROMOTHIOPHENE,C1(Br)=CSC=C1,6.19000,0.0379661,Strong
440,"2,4-DICHLOROBENZALDEHYDE",O=Cc1c(Cl)cc(Cl)cc1,1.80000,0.0102851,Strong
441,PHENYL DISULFIDE,c1ccccc1-SS-c2ccccc2,0.11000,0.0005038,Extreme
444,"1,1,1,3,3,3-HEXAFLUORO-2-PROPANOL",C(F)(F)(F)C(O)C(F)(F)(F),244.00000,1.4520352,Low
445,"1,5-HEXADIEN-3-OL",C=CC(O)CC=C,38.10000,0.3881814,Moderate
446,3-BUTYN-1-OL,C(O)CC#C,36.10000,0.5150521,Moderate
447,CIS-3-HEXEN-1-OL,CCC=CCCO,381.00000,3.8039137,Low
448,TRANS-3-HEXEN-1-OL,CCC=CCCO,271.00000,2.7056709,Low
449,2-ACETYL-1-METHYLPYRROLE,CN1C(C(=O)C)=CC=C1,157.00000,1.2747645,Low
450,4-PHENYLPYRIDINE,n1ccc(c2ccccc2)cc1,16.10000,0.1037371,Moderate
451,PHENYL SULFOXIDE,c(ccc1)c(c1)S(=O)c(ccc2)cc2,87.30000,0.4315373,Moderate
453,2-HYDROXYPROPYL ACRYLATE #1,C=CC(=O)OCC(O)C,3.61000,0.0277351,Strong
454,2-AMINO-5-BROMOPYRIDINE,n1c(N)ccc(Br)c1,177.00000,1.0230031,Low
455,DIETHYL BENZYLPHOSPHONATE,CCOP(=O)(Cc1ccccc1)OCC,336.00000,1.4721991,Low
457,4-ACETYLPYRIDINE,n1ccc(C(=O)C)cc1,168.00000,1.3868252,Low
458,METHYL P-CHLOROBENZOATE,c1cc(Cl)ccc1C(=O)OC,11.00000,0.0644783,Moderate
459,BUTYL PHENYL ETHER,CCCCOc1ccccc1,5.77000,0.0384103,Strong
460,METHYL 4-CYANOBENZOATE,c1cc(C#N)ccc1C(=O)OC,46.80000,0.2903946,Moderate
461,TETRACHLOROCATECHOL,Oc1c(O)c(Cl)c(Cl)c(Cl)c1Cl,1.27000,0.0051232,Strong
462,"A-BROMO-2',5'-DIMETHOXYACETOPHENONE #1",c1c(C(=O)CBr)c(OC)ccc1OC,0.08700,0.0003358,Extreme
463,TETRABUTYLTIN,CCCC[Sn](CCCC)(CCCC)CCCC,0.04520,0.0001302,Extreme
464,"3,4-DIMETHYL-1-PENTYN-3-OL",C#CC(C)(O)C(C)C,205.00000,1.8275831,Low
465,N-VINYLCARBAZOLE,c(ccc1c2cc3)cc1N(c2cc3)C=C,0.00320,0.0000166,Extreme
466,3-BENZYLOXYANILINE,c1c(N)cccc1OCc2ccccc2,9.14000,0.0458720,Strong
467,CARBOFURAN,CC1(C)Oc2c(OC(=O)NC)cccc2C1,0.84400,0.0038145,Extreme
468,TERT-BUTYL METHYL ETHER,CC(C)(C)OC,672.00000,7.6233693,Low
469,"1,9-DECADIENE",C=CCCCCCCC=C,0.29000,0.0020976,Extreme
470,P-PHENYLAZOPHENOL,c1cc(O)ccc1N=Nc2ccccc2,1.17000,0.0059022,Strong
471,"3,5-DIIODO-4-HYDROXYBENZONITRILE",c1c(I)c(O)c(I)cc1C#N,6.80000,0.0183333,Strong
472,"3,5-DIBROMO-4-HYDROXYBENZONITRILE #1",c1c(Br)c(O)c(Br)cc1C#N,11.50000,0.0415267,Moderate
473,DEHYDROABIETIC ACID,OC(=O)C1(C)CCCC2(C)c3ccc(C(C)C)cc3CCC21,2.10000,0.0069897,Strong
474,2-ALLYLPHENOL,C=CCc1ccccc1O,15.00000,0.1117901,Moderate
475,T-BUTYLSTYRENE,C=Cc1ccc(C(C)(C)C)cc1,0.49000,0.0030575,Extreme
476,5-BROMOSALICYLALDEHYDE,c1(C=O)c(O)ccc(Br)c1,1.30000,0.0064670,Strong
477,3-CHLORO-2-CHLOROMETHYL-1-PROPENE,C=C(CCl)C(Cl),0.19000,0.0015200,Extreme
478,"3,5-DICHLORO-4-HYDROXYBENZONITRILE",c1c(Cl)c(O)c(Cl)cc1C#N,24.30000,0.1292484,Moderate
479,DI-N-BUTYLTEREPHTHALATE,CCCCOC(=O)c1ccc(C(=O)OCCCC)cc1,0.59000,0.0021194,Extreme
480,"4,4'-DIHYDROXYDIPHENYL ETHER #1",c1cc(O)ccc1Oc2ccc(O)cc2,5.22000,0.0258147,Strong
481,"2,6-DICHLOROBENZAMIDE",c1(Cl)cccc(Cl)c1C(=O)N,469.00000,2.4680314,Low
482,N-DECYLAMINE,CCCCCCCCCCN,1.03000,0.0065480,Strong
483,AMINOCARB,CNC(=O)Oc1cc(C)c(N(C)C)cc1,1.95000,0.0093633,Strong
484,"2,4,5-TRIBROMOIMIDAZOLE (NOMINAL) #1",N1=C(Br)NC(Br)=C1Br,7.96000,0.0261172,Strong
485,O-ETHYL O-(P-NITROPHENYL PHENYL)PHOSPHONOTHIOATE,CCOP(=S)(Oc1ccc(cc1)N(=O)=O)c2ccccc2,0.07860,0.0002431,Extreme
486,(+-)-4-PENTYN-2-OL,OC(C)CC#C,35.10000,0.4172611,Moderate
487,4-CHLOROCATECHOL,Oc1c(O)cc(Cl)cc1,1.58000,0.0109297,Strong
488,"METHYL 2,4-DIHYDROXYBENZOATE",c1(O)cc(O)ccc1C(=O)OC,45.80000,0.2723759,Moderate
490,PENTACHLOROPYRIDINE,n1c(Cl)c(Cl)c(Cl)c(Cl)c1Cl,0.47000,0.0018701,Extreme
491,"(1R,2S,5R)-(-)-MENTHOL",C1C(C)CC(O)C(C(C)(C))C1,18.90000,0.1209445,Moderate
492,1-(p-TOLUENESULFONYL)IMIDAZOLE,C1=CN=CN1S(=O)(=O)c2ccc(C)cc2,41.80000,0.1880596,Moderate
493,"2',4'-DICHLOROACETOPHENONE",c1c(C(=O)C)c(Cl)cc(Cl)c1,11.70000,0.0618917,Moderate
494,N-OCTYL CYANIDE #1,CCCCCCCCC#N,4.91000,0.0352629,Strong
495,"A,A,A-4-TETRAFLUORO-M-TOLUIDINE",Nc1cc(C(F)(F)F)c(F)cc1,30.10000,0.1680438,Moderate
496,TRANS-2-PHENYL-1-CYCLOHEXANOL,C1(c2ccccc2)CCCCC1O,44.40000,0.2519006,Moderate
497,2-ETHOXYETHYL METHACRYLATE,C=C(C)C(=O)OCCOCC,27.70000,0.1750948,Moderate
498,"2,3,6-TRIMETHYLPHENOL",Oc1c(C)c(C)ccc1C,8.20000,0.0602100,Strong
499,N-UNDECYL CYANIDE,CCCCCCCCCCCC#N,0.43000,0.0023715,Extreme
500,0-METHOXYBENZAMIDE,c1(OC)ccccc1C(=O)N,120.00000,0.7938083,Low
501,"2,4-DICHLOROBENZAMIDE",c1(Cl)cc(Cl)ccc1C(=O)N,95.60000,0.5030785,Moderate
502,TETRAHYDROFURFURYL METHACRYLATE,C=C(C)C(=O)OCC1OCCC1,34.70000,0.2038658,Moderate
503,"4,5-DICHLOROGUAIACOL",Oc1c(OC)cc(Cl)c(Cl)c1,4.47000,0.0231570,Strong
504,BENZYL METHACRYLATE,C=C(C)C(=O)OCc1ccccc1,4.67000,0.0264995,Strong
505,HEXYL ACRYLATE #1,C=CC(=O)OCCCCCC,1.09000,0.0069760,Strong
506,P-(TERT-BUTYL)-PHENYL-N-METHYLCARBAMATE,CC(C)(C)c1ccc(OC(=O)NC)cc1,10.00000,0.0482462,Moderate
508,1-BENZYLPIPERAZINE,c1ccccc1CN2CCNCC2,47.40000,0.2689209,Moderate
509,3-(3-PYRIDYL)-1-PROPANOL,n(ccc1)cc1CCCO,150.00000,1.0934539,Low
510,TRIDECYLAMINE,CCCCCCCCCCCCCN,0.06540,0.0003280,Extreme
511,2-AMINO-4'-CHLOROBENZOPHENONE,c1cccc(N)c1C(=O)c2ccc(Cl)cc2,2.12000,0.0091506,Strong
512,"METHYL 2,5-DICHLOROBENZOATE",c1(Cl)ccc(Cl)cc1C(=O)OC,14.00000,0.0682794,Moderate
513,CHLORPYRIFOS #2 (DURSBAN),CCOP(OCC)(=S)Oc1nc(Cl)c(Cl)cc1Cl,0.50600,0.0014433,Extreme
514,5-BROMOVANILLIN,c1(OC)cc(C=O)cc(Br)c1O,59.70000,0.2583968,Moderate
515,CYCLOHEXYL ACRYLATE,C=CC(=O)OC1CCCCC1,1.48000,0.0095961,Strong
517,TRIETHYL NITRILOTRICARBOXYLATE,CCOC(=O)N(C(=O)OCC)C(=O)OCC,13.30000,0.0570277,Moderate
518,"4,5-DICHLOROCATECHOL",Oc1c(O)cc(Cl)c(Cl)c1,0.89000,0.0049721,Extreme
519,"2,3,5,6-TETRACHLOROANILINE",Nc1c(Cl)c(Cl)cc(Cl)c1Cl,0.27000,0.0011693,Extreme
520,"2,6-DIPHENYLPYRIDINE",n1c(c2ccccc2)cccc1c3ccccc3,0.21000,0.0009079,Extreme
521,"1,3-DICHLORO-4,6-DINITROBENZENE #1",Clc1cc(Cl)c(N(=O)=O)cc1N(=O)=O,0.05200,0.0002194,Extreme
524,"2,3-DIMETHYLVALERALDEHYDE",CCC(C)C(C)C=O,16.00000,0.1401173,Moderate
525,2-DECYN-1-OL,C(O)C#CCCCCCCC,1.07000,0.0069368,Strong
526,5-CHLORO-2-PYRIDINOL,n1c(O)ccc(Cl)c1,1140.00000,8.7996912,Low
527,ISOPROPYL DISULFIDE,CC(C)SSC(C)C,8.31000,0.0552857,Strong
528,"2,4,5-TRIMETHOXYBENZALDEHYDE",c1(C=O)c(OC)cc(OC)c(OC)c1,49.50000,0.2522936,Moderate
529,ISOPROPYL METHACRYLATE,C=C(C)C(=O)OC(C)C,38.00000,0.2964812,Moderate
530,1-HEXEN-3-OL,C=CC(O)CCC,30.40000,0.3035144,Moderate
531,"2,3,4,5-TETRACHLOROPHENOL",Oc1c(Cl)c(Cl)c(Cl)c(Cl)c1,0.41000,0.0017681,Extreme
532,"1,2-BIS(4-PYRIDYL)ETHANE",c1cnccc1CCc2ccncc2,151.00000,0.8195832,Low
533,"1,3-DIETHYL-2-THIOBARBITURIC ACID",C1C(=O)N(CC)C(=S)N(CC)C1=O,4510.00000,22.5207231,Low
534,DIMETHYL NITROTEREPHTHALATE,COC(=O)c1ccc(C(=O)OC)cc1N(=O)=O,6.52000,0.0272598,Strong
535,5-CHLORO-2-MERCAPTOBENZOTHIAZOLE,c1cc(Cl)cc2N=C(S)S-c12,3.21000,0.0159147,Strong
536,DIMETHYL AMINOTEREPHTHALATE,COC(=O)c1ccc(C(=O)OC)cc1(N),8.94000,0.0427342,Strong
537,"3,6-DITHIAOCTANE",CCSCCSCC,60.20000,0.4005323,Moderate
539,4'-CHLORO-3'-NITROACETOPHENONE,c1c(C(=O)C)cc(N(=O)(=O))c(Cl)c1,5.50000,0.0275551,Strong
540,2-AMINO-4-CHLORO-6-METHYLPYRIMIDINE #1,Cc1cc(Cl)nc(N)n1,147.00000,1.0238195,Low
541,"2,6-DIMETHOXYTOLUENE",Cc1c(OC)cccc1OC,20.20000,0.1327288,Moderate
542,2-DIMETHYLAMINOPYRIDINE,n1c(N(C)C)cccc1,127.00000,1.0395351,Low
543,"2,2-DIMETHYL-1-PROPYLAMINE",CC(C)(C)CN,475.00000,5.4491224,Low
544,ISOPIMARIC ACID,C1(C)(C=C)CCC2C3(C)CCCC(C(=O)O)(C)C3CC=C2C1,0.87000,0.0028764,Extreme
545,2-AMINO-5-CHLOROBENZONITRILE,c1(N)ccc(Cl)cc1C#N,28.60000,0.1874427,Moderate
546,"1,1,1-TRICHLORO-2-METHYL-2-PROPANOL(HYDRATE)",C(Cl)(Cl)(Cl)C(C)(O)C,135.00000,0.7607348,Low
547,2-DODECANONE,CCCCCCCCCCC(=O)C,1.18000,0.0064019,Strong
548,4-DIMETHYLAMINOCINNAMALDEHYDE,c1c(C=CC=O)ccc(N(C)C)c1,5.90000,0.0336700,Strong
550,"1,3,5-TRICHLORO-2,4-DINITROBENZENE",Clc1c(N(=O)=O)c(Cl)c(N(=O)=O)c(Cl)c1,0.22200,0.0008179,Extreme
551,2-CHLORO-5-NITROBENZALDEHYDE #1,Clc(ccc1N(=O)=O)c(c1)C=O,3.80000,0.0204774,Strong
552,2-CHLORO-6-METHYLBENZONITRILE,N#Cc1c(Cl)cccc1C,15.10000,0.0996042,Moderate
553,2-BROMO-3-PYRIDINOL,n1c(Br)c(O)ccc1,469.00000,2.6954023,Low
554,2-CHLORO-3-PYRIDINOL,n1c(Cl)c(O)ccc1,622.00000,4.8012350,Low
555,TRIPROPARGYLAMINE,C#CCN(CC#C)CC#C,296.00000,2.2564415,Low
556,"N,N-BIS(2,2-DIETHOXYETHYL)METHYLAMINE #1",CCOC(OCC)CN(C)CC(OCC)OCC,637.00000,2.4185587,Low
557,"1,4-BIS(3-AMINOPROPYL)PIPERAZINE",NCCCN1CCN(CCCN)CC1,3100.00000,15.4744671,Low
558,"3-HYDROXY-3,7,11-TRIMETHYL-1,6,10-DODECATRIENE",OC(C=C)(C)CCC=C(C)CCC=C(C)C,1.43000,0.0064307,Strong
560,N-UNDECYLAMINE,CCCCCCCCCCCN,0.21000,0.0012257,Extreme
561,1-HEPTYN-3-OL,C#CC(O)CCCC,1.76000,0.0156905,Strong
563,P-ETHOXYBENZALDEHYDE,c1(C=O)ccc(OCC)cc1,28.10000,0.1871088,Moderate
564,[1(R)-ENDO]-(+)-3-BROMOCAMPHOR,O=C(C(C(C1C2)(C)C)(C2)C)C1Br,68.50000,0.2963572,Moderate
565,RESMETHRIN,CC(C)=CC1C(C)(C)C1C(=O)OCC2=COC(Cc3ccccc3)=C2,0.00616,0.0000182,Extreme
566,TERBUFOS (COUNTER),CCOP(=S)(OCC)SCSC(C)(C)C,0.01330,0.0000461,Extreme
567,"A,A,A',A'-TETRABROMO-O-XYLENE",BrC(Br)c1c(C(Br)Br)cccc1,0.43700,0.0010361,Extreme
568,"2',3',4'-TRICHLOROACETOPHENONE",c1c(C(=O)C)c(Cl)c(Cl)c(Cl)c1,2.00000,0.0089489,Strong
569,"2',3',4'-TRIMETHOXYACETOPHENONE #2",c1(OC)c(OC)c(OC)ccc1C(=O)C,229.00000,1.0892832,Low
570,DIETHYL CHLOROMALONATE,CCOC(=O)C(Cl)C(=O)OCC,0.95000,0.0048816,Extreme
571,N-ETHYLBENZYLAMINE,CCNCc1ccccc1,57.10000,0.4223060,Moderate
573,4-BROMOPHENYL 3-PYRIDYL KETONE,c1cc(Br)ccc1C(=O)c2cccnc2,20.40000,0.0778299,Moderate
574,4-BENZOYLPYRIDINE,c1ccccc1C(=O)c2ccncc2,103.00000,0.5621964,Low
575,"2,2,5,5-TETRAMETHYLTETRAHYDROFURAN",CC1(C)CCC(C)(C)O1,168.00000,1.3102480,Low
576,3-HYDROXY-2-NITROPYRIDINE,n1c(N(=O)=O)c(O)ccc1,167.00000,1.1920057,Low
577,ALACHLOR,c1(CC)cccc(CC)c1N(COC)C(=O)CCl,5.00000,0.0185322,Strong
578,4-OCTYLANILINE,Nc1ccc(CCCCCCCC)cc1,0.12000,0.0005844,Extreme
579,METHOMYL (LANNATE),CSC(C)=NOC(=O)NC,2.11000,0.0130078,Strong
580,6-CHLORO-2-PYRIDINOL,n1c(O)cccc1Cl,214.00000,1.6518719,Low
581,"3-AMINO-5,6-DIMETHYL-1,2,4-TRIAZINE",NC1=NN=C(C)C(C)=N1,952.00000,7.6681434,Low
583,4-(DIETHYLAMINO)SALICYLALDEHYDE,O=Cc1ccc(N(CC)CC)cc1O,5.36000,0.0277361,Strong
584,6-CHLORO-2-PICOLINE,n1c(C)cccc1Cl,232.00000,1.8186094,Low
585,"3,6-DIMETHYL-1-HEPTYN-3-OL",C#CC(C)(O)CCC(C)C,49.00000,0.3494259,Moderate
586,"2,4,5-TRIMETHYLOXAZOLE",CC1=C(C)OC(C)=N1,449.00000,4.0399496,Low
587,4-DIMETHYLAMINO-3-METHYL-2-BUTANONE,CC(=O)C(C)CN(C)C,8.50000,0.0657895,Strong
589,M-BROMOBENZAMIDE,c1ccc(Br)cc1C(=O)N,92.70000,0.4634073,Moderate
590,OXAMYL #1,CN(C)C(=O)C(SC)=NOC(=O)NC,8.30000,0.0378477,Strong
591,"2,6-DIISOPROPYLANILINE #1",Nc1c(C(C)C)cccc1C(C)C,14.20000,0.0800812,Moderate
595,"2-METHYL-3,3,4,4-TETRAFLUORO-2-BUTANOL",CC(C)(O)C(F)(F)C(F)F,582.00000,3.6350009,Low
596,CHLOROMETHYL STYRENE,C=Cc1ccc(CCl)cc1,0.31000,0.0020312,Extreme
597,(+-)-SEC-BUTYLAMINE,CCC(N)C,275.00000,3.7599125,Low
598,"N-(3-METHOXYPROPYL)-3,4,5-TRIMETHOXYBENZYLAMINE",COCCCNCc1cc(OC)c(OC)c(OC)c1,136.00000,0.5049380,Low
599,2-(BROMOMETHYL)TETRAHYDRO-2H-PYRAN,BrCC1OCCCC1,205.00000,1.1448676,Low
600,4-DECYLANILINE,Nc1ccc(CCCCCCCCCC)cc1,0.06200,0.0002656,Extreme
601,4-HEXYLOXYANILINE #1  (NOMINAL CONC.),Nc1ccc(OCCCCCC)cc1,2.80000,0.0144860,Strong
602,METHYL 4-CHLORO-2-NITROBENZOATE,c1(N(=O)=O)cc(Cl)ccc1C(=O)OC,27.70000,0.1284787,Moderate
603,5-HYDROXY-2-NITROBENZALDEHYDE,c1(C=O)c(N(=O)=O)ccc(O)c1,41.90000,0.2507180,Moderate
604,FENVALERATE #1 (PYDRIN),c1cc(Cl)ccc1C(C(C)C)C(=O)OC(C#N)c2cccc(Oc3ccccc3)c2,0.00510,0.0000121,Extreme
605,PERMETHRIN,c1ccc(Oc2ccccc2)cc1COC(=O)C3C(C)(C)C3C=C(Cl)Cl,0.01600,0.0000409,Extreme
606,"3,8-DITHIADECANE",CCSCCCCSCC,6.06000,0.0339781,Strong
607,2'-(OCTYLOXY)-ACETANILIDE,CCCCCCCCOc1ccccc1NC(=O)C,0.45000,0.0017086,Extreme
608,P-(TERT-BUTYL)BENZAMIDE,c1cc(C(C)(C)(C))ccc1C(=O)N,31.90000,0.1799718,Moderate
609,"2,9-DITHIADECANE",CSCCCCCCSC,10.10000,0.0566302,Moderate
610,DL-3-BUTYN-2-OL,CC(O)C#C,11.70000,0.1669282,Moderate
613,3-(4-TERT-BUTYLPHENOXY)BENZALDEHYDE,c1cc(C(C)(C)C)ccc1Oc2cccc(C=O)c2,0.37000,0.0014548,Extreme
614,FLUCYTHRINATE,CC(C)C(C(=O)OC(C#N)c2cccc(Oc1ccccc1)c2)c3ccc(OC(F)F)cc3,0.00019,0.0000004,Extreme
616,"3-(3,4-DICHLOROPHENOXY)BENZALDEHYDE",c1c(C=O)cccc1Oc2cc(Cl)c(Cl)cc2,0.30000,0.0011231,Extreme
